label,episode,discounted_cost_policy,discounted_cost_oracle,discounted_regret,finite_horizon_opt_gap,final_state_norm,mean_energy_residual,max_oracle_bellman_residual,V_star_s0
policy,0,3394.9220121184762,5747.310997031275,-2352.3889849128027,177.0606043175973,60.40079116821289,1.0821898932533713e-13,6.821210263296962e-13,19.0661040668095
policy,1,2532.839635631572,4282.757809628922,-1749.918173997349,117.38280627430974,51.4881591796875,1.2657930259507566e-13,1.3642420526593924e-12,21.395333624399022
oracle,0,19.218455023312607,19.21845492689327,9.64193019745971e-08,0.007990670562231569,0.15123766660690308,3.452506293008528e-17,3.552713678800501e-15,19.0661040668095
oracle,1,20.826240675061737,20.826240564102097,1.1095959730421762e-07,-0.026598928501319147,0.1379075050354004,1.0013623502440339e-16,7.105427357601002e-15,21.395333624399022
zero,0,3394.9220121184762,5747.310997031275,-2352.3889849128027,177.0606043175973,60.40079116821289,1.0821898932533713e-13,6.821210263296962e-13,19.0661040668095
zero,1,2532.839635631572,4282.757809628922,-1749.918173997349,117.38280627430974,51.4881591796875,1.2657930259507566e-13,1.3642420526593924e-12,21.395333624399022
