label,episode,discounted_cost_policy,discounted_cost_policy_tail_oracle,discounted_cost_oracle,discounted_regret,discounted_regret_stage_action,finite_horizon_opt_gap,final_state_norm,terminal_discount,terminal_V_star,mean_energy_residual,max_oracle_bellman_residual,V_star_s0
policy,0,10.780710128244776,20.333721124114007,11.17105719396893,0.6742110573045075,-0.3903470657241531,-0.45162874905789524,4.4553985595703125,0.92274469442792,10.352821374705249,1.9984014443252818e-15,7.105427357601002e-15,19.6595100668095
oracle,0,11.952237608214148,19.51175613255369,11.952237660795841,-0.1477539342558103,-5.258169360388593e-08,-0.39203787034382376,3.241333246231079,0.92274469442792,8.192426973558774,2.4424906541753444e-15,7.105427357601002e-15,19.6595100668095
zero,0,10.780710128244776,20.333721124114007,11.17105719396893,0.6742110573045075,-0.3903470657241531,-0.45162874905789524,4.4553985595703125,0.92274469442792,10.352821374705249,1.9984014443252818e-15,7.105427357601002e-15,19.6595100668095
