label,episode,gamma,p,noise_type,sigma_noise,eps_gust,gust_scale,init_stream_seed,trace_P_Sigma_eff,episode_length,undiscounted_cost_policy,undiscounted_cost_oracle,discounted_cost_policy,discounted_cost_oracle,discounted_regret,finite_horizon_opt_gap,bootstrapped_opt_gap_to_value,final_state_norm,mean_energy_residual,max_energy_residual,mean_oracle_bellman_residual,max_oracle_bellman_residual,mean_policy_bellman_residual,max_policy_bellman_residual,terminated,truncated,terminal_reason,V_star_s0
policy,0,0.99,0.2,gust,0.01,0.1,10.0,0,0.012654,5,8.789418428897218,10.527694356326055,8.632593943045425,10.317494565359596,-1.684900622314172,-0.5608947571068871,0.16459510926008347,5.717705249786377,1.4210854715202005e-15,3.552713678800501e-15,1.7763568394002505e-15,3.552713678800501e-15,0.4854267182225744,1.5670737111832924,False,True,,19.6595100668095
oracle,0,0.99,0.2,gust,0.01,0.1,10.0,0,0.012654,5,9.816209290917236,9.81620914407371,9.654182175916631,9.654182030725664,1.45190967122809e-07,-0.5089306832617373,0.03519568147362151,4.298370361328125,3.907985046680551e-15,7.105427357601002e-15,3.552713678800501e-15,3.552713678800501e-15,3.552713678800501e-15,5.329070518200751e-15,False,True,,19.6595100668095
zero,0,0.99,0.2,gust,0.01,0.1,10.0,0,0.012654,5,8.789418428897218,10.527694356326055,8.632593943045425,10.317494565359596,-1.684900622314172,-0.5608947571068871,0.16459510926008347,5.717705249786377,1.4210854715202005e-15,3.552713678800501e-15,1.7763568394002505e-15,3.552713678800501e-15,0.4854267182225744,1.5670737111832924,False,True,,19.6595100668095
